
INSERT INTO `department` (`id`, `name`) VALUES (10, 'a');
INSERT INTO `department` (`id`, `name`) VALUES (7, 'ab');
INSERT INTO `department` (`id`, `name`) VALUES (30, 'accusantium');
INSERT INTO `department` (`id`, `name`) VALUES (15, 'alias');
INSERT INTO `department` (`id`, `name`) VALUES (21, 'animi');
INSERT INTO `department` (`id`, `name`) VALUES (8, 'architecto');
INSERT INTO `department` (`id`, `name`) VALUES (9, 'aut');
INSERT INTO `department` (`id`, `name`) VALUES (12, 'beatae');
INSERT INTO `department` (`id`, `name`) VALUES (20, 'blanditiis');
INSERT INTO `department` (`id`, `name`) VALUES (19, 'commodi');
INSERT INTO `department` (`id`, `name`) VALUES (4, 'ducimus');
INSERT INTO `department` (`id`, `name`) VALUES (6, 'est');
INSERT INTO `department` (`id`, `name`) VALUES (18, 'et');
INSERT INTO `department` (`id`, `name`) VALUES (11, 'eum');
INSERT INTO `department` (`id`, `name`) VALUES (1, 'ipsa');
INSERT INTO `department` (`id`, `name`) VALUES (28, 'iure');
INSERT INTO `department` (`id`, `name`) VALUES (14, 'libero');
INSERT INTO `department` (`id`, `name`) VALUES (29, 'maiores');
INSERT INTO `department` (`id`, `name`) VALUES (27, 'molestias');
INSERT INTO `department` (`id`, `name`) VALUES (16, 'natus');
INSERT INTO `department` (`id`, `name`) VALUES (24, 'officia');
INSERT INTO `department` (`id`, `name`) VALUES (3, 'quaerat');
INSERT INTO `department` (`id`, `name`) VALUES (13, 'quasi');
INSERT INTO `department` (`id`, `name`) VALUES (5, 'qui');
INSERT INTO `department` (`id`, `name`) VALUES (2, 'quos');
INSERT INTO `department` (`id`, `name`) VALUES (17, 'recusandae');
INSERT INTO `department` (`id`, `name`) VALUES (23, 'sapiente');
INSERT INTO `department` (`id`, `name`) VALUES (25, 'sit');
INSERT INTO `department` (`id`, `name`) VALUES (26, 'voluptatem');
INSERT INTO `department` (`id`, `name`) VALUES (22, 'voluptates');


INSERT INTO `position` (`id`, `name`) VALUES (1, 'Scrum Master');
INSERT INTO `position` (`id`, `name`) VALUES (2, 'Scrum Master');
INSERT INTO `position` (`id`, `name`) VALUES (3, 'Scrum Master');
INSERT INTO `position` (`id`, `name`) VALUES (4, 'Scrum Master');
INSERT INTO `position` (`id`, `name`) VALUES (5, 'Dev');
INSERT INTO `position` (`id`, `name`) VALUES (6, 'Dev');
INSERT INTO `position` (`id`, `name`) VALUES (7, 'Scrum Master');
INSERT INTO `position` (`id`, `name`) VALUES (8, 'Dev');
INSERT INTO `position` (`id`, `name`) VALUES (9, 'PM');
INSERT INTO `position` (`id`, `name`) VALUES (10, 'Dev');
INSERT INTO `position` (`id`, `name`) VALUES (11, 'Dev');
INSERT INTO `position` (`id`, `name`) VALUES (12, 'Scrum Master');
INSERT INTO `position` (`id`, `name`) VALUES (13, 'Test');
INSERT INTO `position` (`id`, `name`) VALUES (14, 'Scrum Master');
INSERT INTO `position` (`id`, `name`) VALUES (15, 'Scrum Master');
INSERT INTO `position` (`id`, `name`) VALUES (16, 'Test');
INSERT INTO `position` (`id`, `name`) VALUES (17, 'PM');
INSERT INTO `position` (`id`, `name`) VALUES (18, 'Dev');
INSERT INTO `position` (`id`, `name`) VALUES (19, 'Dev');
INSERT INTO `position` (`id`, `name`) VALUES (20, 'Scrum Master');
INSERT INTO `position` (`id`, `name`) VALUES (21, 'Dev');
INSERT INTO `position` (`id`, `name`) VALUES (22, 'Test');
INSERT INTO `position` (`id`, `name`) VALUES (23, 'Scrum Master');
INSERT INTO `position` (`id`, `name`) VALUES (24, 'PM');
INSERT INTO `position` (`id`, `name`) VALUES (25, 'Test');
INSERT INTO `position` (`id`, `name`) VALUES (26, 'PM');
INSERT INTO `position` (`id`, `name`) VALUES (27, 'PM');
INSERT INTO `position` (`id`, `name`) VALUES (28, 'Scrum Master');
INSERT INTO `position` (`id`, `name`) VALUES (29, 'Dev');
INSERT INTO `position` (`id`, `name`) VALUES (30, 'Scrum Master');


INSERT INTO `account` (`id`, `email`, `username`, `fullname`, `department_id`, `position_id`, `created_date`) VALUES (1, 'welch.wilma@example.org', 'geoffrey62', 'Cindy Rolfson Sr.', 1, 1, '2012-02-06 03:29:06');
INSERT INTO `account` (`id`, `email`, `username`, `fullname`, `department_id`, `position_id`, `created_date`) VALUES (2, 'sherwood.daniel@example.com', 'prince.ratke', 'Delbert Jakubowski', 2, 2, '1985-10-18 16:49:34');
INSERT INTO `account` (`id`, `email`, `username`, `fullname`, `department_id`, `position_id`, `created_date`) VALUES (3, 'cmarks@example.net', 'hegmann.rod', 'Miss Kaia Runolfsson Jr.', 3, 3, '2004-04-07 07:53:06');
INSERT INTO `account` (`id`, `email`, `username`, `fullname`, `department_id`, `position_id`, `created_date`) VALUES (4, 'ondricka.archibald@example.org', 'hlynch', 'Manley Romaguera', 4, 4, '1993-09-28 18:57:15');
INSERT INTO `account` (`id`, `email`, `username`, `fullname`, `department_id`, `position_id`, `created_date`) VALUES (5, 'price.krajcik@example.org', 'brittany79', 'Tierra Kuvalis', 5, 5, '2018-04-22 17:16:35');
INSERT INTO `account` (`id`, `email`, `username`, `fullname`, `department_id`, `position_id`, `created_date`) VALUES (6, 'ystracke@example.net', 'rbashirian', 'Oda Ward MD', 6, 6, '1976-08-27 23:42:50');
INSERT INTO `account` (`id`, `email`, `username`, `fullname`, `department_id`, `position_id`, `created_date`) VALUES (7, 'chaag@example.org', 'mae.okuneva', 'Cristina Cruickshank', 7, 7, '1986-02-03 01:17:15');
INSERT INTO `account` (`id`, `email`, `username`, `fullname`, `department_id`, `position_id`, `created_date`) VALUES (8, 'pweissnat@example.net', 'isom71', 'Krystal Stehr', 8, 8, '1988-12-12 00:46:52');
INSERT INTO `account` (`id`, `email`, `username`, `fullname`, `department_id`, `position_id`, `created_date`) VALUES (9, 'esauer@example.org', 'heidi.toy', 'Shakira Botsford', 9, 9, '1977-08-22 18:19:13');
INSERT INTO `account` (`id`, `email`, `username`, `fullname`, `department_id`, `position_id`, `created_date`) VALUES (10, 'jakayla.walker@example.com', 'winston57', 'Douglas Jacobi II', 10, 10, '2002-11-13 03:57:57');
INSERT INTO `account` (`id`, `email`, `username`, `fullname`, `department_id`, `position_id`, `created_date`) VALUES (11, 'ashlynn75@example.net', 'mreichert', 'Hosea Glover PhD', 11, 11, '1999-11-02 16:34:07');
INSERT INTO `account` (`id`, `email`, `username`, `fullname`, `department_id`, `position_id`, `created_date`) VALUES (12, 'vincenzo15@example.com', 'berry.mitchell', 'Reina Goldner', 12, 12, '1998-12-27 05:10:34');
INSERT INTO `account` (`id`, `email`, `username`, `fullname`, `department_id`, `position_id`, `created_date`) VALUES (13, 'matteo73@example.net', 'elliott26', 'Ernesto Kris DVM', 13, 13, '1992-06-14 17:21:30');
INSERT INTO `account` (`id`, `email`, `username`, `fullname`, `department_id`, `position_id`, `created_date`) VALUES (14, 'yfeest@example.net', 'rodrick85', 'Dulce Stamm', 14, 14, '2012-03-22 20:37:13');
INSERT INTO `account` (`id`, `email`, `username`, `fullname`, `department_id`, `position_id`, `created_date`) VALUES (15, 'benedict.beier@example.net', 'xswift', 'Natasha Bergstrom', 15, 15, '2008-06-22 07:52:31');
INSERT INTO `account` (`id`, `email`, `username`, `fullname`, `department_id`, `position_id`, `created_date`) VALUES (16, 'nreichel@example.org', 'o\'kon.ryley', 'Duncan Predovic', 16, 16, '1972-06-29 16:33:20');
INSERT INTO `account` (`id`, `email`, `username`, `fullname`, `department_id`, `position_id`, `created_date`) VALUES (17, 'odessa.dooley@example.org', 'mireille82', 'Jany Armstrong', 17, 17, '1974-12-30 05:18:43');
INSERT INTO `account` (`id`, `email`, `username`, `fullname`, `department_id`, `position_id`, `created_date`) VALUES (18, 'go\'reilly@example.net', 'jasmin58', 'Mr. Lon Stanton DDS', 18, 18, '1990-06-15 01:44:16');
INSERT INTO `account` (`id`, `email`, `username`, `fullname`, `department_id`, `position_id`, `created_date`) VALUES (19, 'myost@example.net', 'rodger.balistreri', 'Dr. Ayden Kiehn', 19, 19, '2011-06-17 11:45:08');
INSERT INTO `account` (`id`, `email`, `username`, `fullname`, `department_id`, `position_id`, `created_date`) VALUES (20, 'qhuel@example.com', 'watsica.valentina', 'Angelina Stark PhD', 20, 20, '2001-07-01 09:51:07');
INSERT INTO `account` (`id`, `email`, `username`, `fullname`, `department_id`, `position_id`, `created_date`) VALUES (21, 'frami.adelbert@example.org', 'kaci15', 'Prof. Montana Greenfelder', 21, 21, '1977-05-25 15:46:16');
INSERT INTO `account` (`id`, `email`, `username`, `fullname`, `department_id`, `position_id`, `created_date`) VALUES (22, 'mclaughlin.lela@example.org', 'sporer.laila', 'Tad Hermann DVM', 22, 22, '1998-06-30 17:15:47');
INSERT INTO `account` (`id`, `email`, `username`, `fullname`, `department_id`, `position_id`, `created_date`) VALUES (23, 'carole24@example.com', 'enid08', 'German Weimann', 23, 23, '1997-03-27 16:07:34');
INSERT INTO `account` (`id`, `email`, `username`, `fullname`, `department_id`, `position_id`, `created_date`) VALUES (24, 'nstanton@example.net', 'sonia62', 'Tyrell Stanton', 24, 24, '1979-02-27 11:26:27');
INSERT INTO `account` (`id`, `email`, `username`, `fullname`, `department_id`, `position_id`, `created_date`) VALUES (25, 'yhermann@example.com', 'miller.katlynn', 'Darrick Oberbrunner', 25, 25, '2019-04-29 21:22:22');
INSERT INTO `account` (`id`, `email`, `username`, `fullname`, `department_id`, `position_id`, `created_date`) VALUES (26, 'kwalter@example.org', 'bode.lance', 'Mr. Alexys Feil', 26, 26, '2008-04-14 01:56:41');
INSERT INTO `account` (`id`, `email`, `username`, `fullname`, `department_id`, `position_id`, `created_date`) VALUES (27, 'winifred.nienow@example.com', 'vgleichner', 'Filiberto Yost', 27, 27, '2014-12-16 22:43:04');
INSERT INTO `account` (`id`, `email`, `username`, `fullname`, `department_id`, `position_id`, `created_date`) VALUES (28, 'miller.halie@example.org', 'aditya.koepp', 'Anika Shields', 28, 28, '1987-08-07 19:53:56');
INSERT INTO `account` (`id`, `email`, `username`, `fullname`, `department_id`, `position_id`, `created_date`) VALUES (29, 'ludwig.luettgen@example.net', 'macejkovic.berneice', 'Dr. Verona Hermiston', 29, 29, '2008-08-05 03:14:22');
INSERT INTO `account` (`id`, `email`, `username`, `fullname`, `department_id`, `position_id`, `created_date`) VALUES (30, 'rebeka95@example.net', 'dlangosh', 'Corine Johnston', 30, 30, '2007-02-25 19:53:01');


INSERT INTO `group` (`id`, `name`, `creator_id`, `created_date`) VALUES (1, 'enim', 1, '1987-01-03 08:59:58');
INSERT INTO `group` (`id`, `name`, `creator_id`, `created_date`) VALUES (2, 'quo', 2, '1980-11-26 20:43:29');
INSERT INTO `group` (`id`, `name`, `creator_id`, `created_date`) VALUES (3, 'nemo', 3, '2016-02-09 12:48:58');
INSERT INTO `group` (`id`, `name`, `creator_id`, `created_date`) VALUES (4, 'sed', 4, '2006-01-24 13:35:34');
INSERT INTO `group` (`id`, `name`, `creator_id`, `created_date`) VALUES (5, 'maiores', 5, '2016-12-06 07:07:07');
INSERT INTO `group` (`id`, `name`, `creator_id`, `created_date`) VALUES (6, 'et', 6, '1976-05-20 08:17:06');
INSERT INTO `group` (`id`, `name`, `creator_id`, `created_date`) VALUES (7, 'sequi', 7, '1989-03-23 11:22:02');
INSERT INTO `group` (`id`, `name`, `creator_id`, `created_date`) VALUES (8, 'eum', 8, '1999-07-05 19:56:35');
INSERT INTO `group` (`id`, `name`, `creator_id`, `created_date`) VALUES (9, 'qui', 9, '1993-06-09 10:15:56');
INSERT INTO `group` (`id`, `name`, `creator_id`, `created_date`) VALUES (10, 'iste', 10, '2006-12-13 08:54:53');
INSERT INTO `group` (`id`, `name`, `creator_id`, `created_date`) VALUES (11, 'in', 11, '1991-04-04 19:12:13');
INSERT INTO `group` (`id`, `name`, `creator_id`, `created_date`) VALUES (12, 'magni', 12, '2004-07-08 10:57:25');
INSERT INTO `group` (`id`, `name`, `creator_id`, `created_date`) VALUES (13, 'cum', 13, '1997-05-11 09:20:44');
INSERT INTO `group` (`id`, `name`, `creator_id`, `created_date`) VALUES (14, 'ea', 14, '2013-08-07 15:38:13');
INSERT INTO `group` (`id`, `name`, `creator_id`, `created_date`) VALUES (15, 'laboriosam', 15, '2009-07-10 23:04:48');
INSERT INTO `group` (`id`, `name`, `creator_id`, `created_date`) VALUES (16, 'sint', 16, '2001-02-15 22:05:24');
INSERT INTO `group` (`id`, `name`, `creator_id`, `created_date`) VALUES (17, 'consequuntur', 17, '1973-07-02 06:17:27');
INSERT INTO `group` (`id`, `name`, `creator_id`, `created_date`) VALUES (18, 'quaerat', 18, '1974-10-31 19:43:47');
INSERT INTO `group` (`id`, `name`, `creator_id`, `created_date`) VALUES (19, 'libero', 19, '2015-08-22 06:38:14');
INSERT INTO `group` (`id`, `name`, `creator_id`, `created_date`) VALUES (20, 'tenetur', 20, '2015-11-20 03:33:36');
INSERT INTO `group` (`id`, `name`, `creator_id`, `created_date`) VALUES (21, 'rem', 21, '1973-06-20 15:02:32');
INSERT INTO `group` (`id`, `name`, `creator_id`, `created_date`) VALUES (22, 'soluta', 22, '1974-08-05 05:05:55');
INSERT INTO `group` (`id`, `name`, `creator_id`, `created_date`) VALUES (23, 'ipsa', 23, '2004-10-01 22:58:40');
INSERT INTO `group` (`id`, `name`, `creator_id`, `created_date`) VALUES (24, 'assumenda', 24, '2001-08-19 21:20:07');
INSERT INTO `group` (`id`, `name`, `creator_id`, `created_date`) VALUES (25, 'omnis', 25, '2013-02-21 07:42:33');
INSERT INTO `group` (`id`, `name`, `creator_id`, `created_date`) VALUES (26, 'aliquid', 26, '1988-08-15 22:06:46');
INSERT INTO `group` (`id`, `name`, `creator_id`, `created_date`) VALUES (27, 'quia', 27, '2017-08-20 11:46:27');
INSERT INTO `group` (`id`, `name`, `creator_id`, `created_date`) VALUES (28, 'veniam', 28, '1976-02-28 19:11:28');
INSERT INTO `group` (`id`, `name`, `creator_id`, `created_date`) VALUES (29, 'nam', 29, '2005-03-23 16:38:05');
INSERT INTO `group` (`id`, `name`, `creator_id`, `created_date`) VALUES (30, 'ut', 30, '1974-03-19 10:06:21');


INSERT INTO `group_account` (`group_id`, `account_id`, `join_date`) VALUES (1, 1, '2003-11-18 06:39:25');
INSERT INTO `group_account` (`group_id`, `account_id`, `join_date`) VALUES (2, 2, '1983-10-13 09:32:42');
INSERT INTO `group_account` (`group_id`, `account_id`, `join_date`) VALUES (3, 3, '2012-11-02 20:28:05');
INSERT INTO `group_account` (`group_id`, `account_id`, `join_date`) VALUES (4, 4, '1971-05-27 06:43:30');
INSERT INTO `group_account` (`group_id`, `account_id`, `join_date`) VALUES (5, 5, '1993-01-09 22:56:05');
INSERT INTO `group_account` (`group_id`, `account_id`, `join_date`) VALUES (6, 6, '1986-08-01 11:08:02');
INSERT INTO `group_account` (`group_id`, `account_id`, `join_date`) VALUES (7, 7, '1985-08-01 02:40:47');
INSERT INTO `group_account` (`group_id`, `account_id`, `join_date`) VALUES (8, 8, '2018-07-17 02:43:30');
INSERT INTO `group_account` (`group_id`, `account_id`, `join_date`) VALUES (9, 9, '1976-10-15 10:51:12');
INSERT INTO `group_account` (`group_id`, `account_id`, `join_date`) VALUES (10, 10, '2014-10-24 01:24:54');
INSERT INTO `group_account` (`group_id`, `account_id`, `join_date`) VALUES (11, 11, '1974-06-13 06:46:45');
INSERT INTO `group_account` (`group_id`, `account_id`, `join_date`) VALUES (12, 12, '1996-01-27 16:08:11');
INSERT INTO `group_account` (`group_id`, `account_id`, `join_date`) VALUES (13, 13, '2015-06-11 06:23:11');
INSERT INTO `group_account` (`group_id`, `account_id`, `join_date`) VALUES (14, 14, '2016-05-19 14:48:23');
INSERT INTO `group_account` (`group_id`, `account_id`, `join_date`) VALUES (15, 15, '1971-11-18 12:35:56');
INSERT INTO `group_account` (`group_id`, `account_id`, `join_date`) VALUES (16, 16, '1976-01-04 02:44:12');
INSERT INTO `group_account` (`group_id`, `account_id`, `join_date`) VALUES (17, 17, '2010-05-12 01:43:05');
INSERT INTO `group_account` (`group_id`, `account_id`, `join_date`) VALUES (18, 18, '2012-06-25 10:23:32');
INSERT INTO `group_account` (`group_id`, `account_id`, `join_date`) VALUES (19, 19, '1986-08-14 04:13:22');
INSERT INTO `group_account` (`group_id`, `account_id`, `join_date`) VALUES (20, 20, '1974-11-16 16:43:42');
INSERT INTO `group_account` (`group_id`, `account_id`, `join_date`) VALUES (21, 21, '1984-01-10 12:10:27');
INSERT INTO `group_account` (`group_id`, `account_id`, `join_date`) VALUES (22, 22, '1996-10-13 06:56:25');
INSERT INTO `group_account` (`group_id`, `account_id`, `join_date`) VALUES (23, 23, '1986-08-11 01:39:20');
INSERT INTO `group_account` (`group_id`, `account_id`, `join_date`) VALUES (24, 24, '2012-12-13 20:06:24');
INSERT INTO `group_account` (`group_id`, `account_id`, `join_date`) VALUES (25, 25, '2000-07-27 03:41:33');
INSERT INTO `group_account` (`group_id`, `account_id`, `join_date`) VALUES (26, 26, '1995-02-05 14:37:19');
INSERT INTO `group_account` (`group_id`, `account_id`, `join_date`) VALUES (27, 27, '1977-02-22 06:38:03');
INSERT INTO `group_account` (`group_id`, `account_id`, `join_date`) VALUES (28, 28, '1986-03-18 04:48:26');
INSERT INTO `group_account` (`group_id`, `account_id`, `join_date`) VALUES (29, 29, '1983-10-06 02:10:26');
INSERT INTO `group_account` (`group_id`, `account_id`, `join_date`) VALUES (30, 30, '1991-10-17 10:08:48');


INSERT INTO `type_question` (`id`, `name`) VALUES (1, 'Essay');
INSERT INTO `type_question` (`id`, `name`) VALUES (2, 'Essay');
INSERT INTO `type_question` (`id`, `name`) VALUES (3, 'Multiple-Choice');
INSERT INTO `type_question` (`id`, `name`) VALUES (4, 'Essay');
INSERT INTO `type_question` (`id`, `name`) VALUES (5, 'Essay');
INSERT INTO `type_question` (`id`, `name`) VALUES (6, 'Essay');
INSERT INTO `type_question` (`id`, `name`) VALUES (7, 'Essay');
INSERT INTO `type_question` (`id`, `name`) VALUES (8, 'Essay');
INSERT INTO `type_question` (`id`, `name`) VALUES (9, 'Multiple-Choice');
INSERT INTO `type_question` (`id`, `name`) VALUES (10, 'Multiple-Choice');
INSERT INTO `type_question` (`id`, `name`) VALUES (11, 'Essay');
INSERT INTO `type_question` (`id`, `name`) VALUES (12, 'Essay');
INSERT INTO `type_question` (`id`, `name`) VALUES (13, 'Multiple-Choice');
INSERT INTO `type_question` (`id`, `name`) VALUES (14, 'Multiple-Choice');
INSERT INTO `type_question` (`id`, `name`) VALUES (15, 'Multiple-Choice');
INSERT INTO `type_question` (`id`, `name`) VALUES (16, 'Essay');
INSERT INTO `type_question` (`id`, `name`) VALUES (17, 'Essay');
INSERT INTO `type_question` (`id`, `name`) VALUES (18, 'Essay');
INSERT INTO `type_question` (`id`, `name`) VALUES (19, 'Multiple-Choice');
INSERT INTO `type_question` (`id`, `name`) VALUES (20, 'Multiple-Choice');
INSERT INTO `type_question` (`id`, `name`) VALUES (21, 'Multiple-Choice');
INSERT INTO `type_question` (`id`, `name`) VALUES (22, 'Multiple-Choice');
INSERT INTO `type_question` (`id`, `name`) VALUES (23, 'Multiple-Choice');
INSERT INTO `type_question` (`id`, `name`) VALUES (24, 'Multiple-Choice');
INSERT INTO `type_question` (`id`, `name`) VALUES (25, 'Essay');
INSERT INTO `type_question` (`id`, `name`) VALUES (26, 'Essay');
INSERT INTO `type_question` (`id`, `name`) VALUES (27, 'Multiple-Choice');
INSERT INTO `type_question` (`id`, `name`) VALUES (28, 'Multiple-Choice');
INSERT INTO `type_question` (`id`, `name`) VALUES (29, 'Essay');
INSERT INTO `type_question` (`id`, `name`) VALUES (30, 'Multiple-Choice');


INSERT INTO `category_question` (`id`, `name`) VALUES (1, 'quos');
INSERT INTO `category_question` (`id`, `name`) VALUES (2, 'unde');
INSERT INTO `category_question` (`id`, `name`) VALUES (3, 'in');
INSERT INTO `category_question` (`id`, `name`) VALUES (4, 'nemo');
INSERT INTO `category_question` (`id`, `name`) VALUES (5, 'at');
INSERT INTO `category_question` (`id`, `name`) VALUES (6, 'nemo');
INSERT INTO `category_question` (`id`, `name`) VALUES (7, 'placeat');
INSERT INTO `category_question` (`id`, `name`) VALUES (8, 'eum');
INSERT INTO `category_question` (`id`, `name`) VALUES (9, 'sed');
INSERT INTO `category_question` (`id`, `name`) VALUES (10, 'molestiae');
INSERT INTO `category_question` (`id`, `name`) VALUES (11, 'quia');
INSERT INTO `category_question` (`id`, `name`) VALUES (12, 'est');
INSERT INTO `category_question` (`id`, `name`) VALUES (13, 'consequatur');
INSERT INTO `category_question` (`id`, `name`) VALUES (14, 'dolor');
INSERT INTO `category_question` (`id`, `name`) VALUES (15, 'aliquid');
INSERT INTO `category_question` (`id`, `name`) VALUES (16, 'dolore');
INSERT INTO `category_question` (`id`, `name`) VALUES (17, 'quia');
INSERT INTO `category_question` (`id`, `name`) VALUES (18, 'occaecati');
INSERT INTO `category_question` (`id`, `name`) VALUES (19, 'sequi');
INSERT INTO `category_question` (`id`, `name`) VALUES (20, 'voluptate');
INSERT INTO `category_question` (`id`, `name`) VALUES (21, 'dolorem');
INSERT INTO `category_question` (`id`, `name`) VALUES (22, 'minima');
INSERT INTO `category_question` (`id`, `name`) VALUES (23, 'id');
INSERT INTO `category_question` (`id`, `name`) VALUES (24, 'vitae');
INSERT INTO `category_question` (`id`, `name`) VALUES (25, 'adipisci');
INSERT INTO `category_question` (`id`, `name`) VALUES (26, 'consectetur');
INSERT INTO `category_question` (`id`, `name`) VALUES (27, 'dolorem');
INSERT INTO `category_question` (`id`, `name`) VALUES (28, 'nostrum');
INSERT INTO `category_question` (`id`, `name`) VALUES (29, 'sunt');
INSERT INTO `category_question` (`id`, `name`) VALUES (30, 'nesciunt');


INSERT INTO `question` (`id`, `content`, `type_question_id`, `category_id`, `creator_id`, `created_date`) VALUES (1, 'Suscipit labore facilis enim suscipit ut dicta ut. Optio mollitia quod voluptatem officia.', 1, 1, 1, '1999-01-27 04:11:37');
INSERT INTO `question` (`id`, `content`, `type_question_id`, `category_id`, `creator_id`, `created_date`) VALUES (2, 'Nisi ut velit ex quisquam sed temporibus quia. Ut repellendus consectetur aut quibusdam. At magni libero dignissimos accusamus omnis et libero libero. Nobis qui ducimus cumque aut.', 2, 2, 2, '1995-08-14 04:27:46');
INSERT INTO `question` (`id`, `content`, `type_question_id`, `category_id`, `creator_id`, `created_date`) VALUES (3, 'Culpa quo doloribus aut consequatur corrupti earum. Suscipit officia quibusdam quia quis cum.', 3, 3, 3, '1984-03-20 12:06:26');
INSERT INTO `question` (`id`, `content`, `type_question_id`, `category_id`, `creator_id`, `created_date`) VALUES (4, 'Vel voluptatem ducimus sunt voluptas doloribus quo. Autem dicta ipsa dolore nihil tempora temporibus. Esse distinctio rerum ea voluptatem quaerat molestiae id. Similique aut excepturi sed ut.', 4, 4, 4, '2017-12-14 13:08:05');
INSERT INTO `question` (`id`, `content`, `type_question_id`, `category_id`, `creator_id`, `created_date`) VALUES (5, 'Ut enim expedita adipisci et dolore facere quia. Harum sit est reiciendis praesentium.', 5, 5, 5, '1998-07-01 12:52:08');
INSERT INTO `question` (`id`, `content`, `type_question_id`, `category_id`, `creator_id`, `created_date`) VALUES (6, 'Culpa atque eaque dolorem iste. Corrupti veniam id sed. Sit culpa nulla cupiditate quidem sed non.', 6, 6, 6, '2011-07-16 01:34:36');
INSERT INTO `question` (`id`, `content`, `type_question_id`, `category_id`, `creator_id`, `created_date`) VALUES (7, 'Molestias non aut placeat. Perspiciatis consectetur vero et tempora nesciunt. Eaque cupiditate laborum consequuntur vitae eveniet. Qui quia accusantium facere quos vero ad autem qui.', 7, 7, 7, '1993-08-12 18:27:16');
INSERT INTO `question` (`id`, `content`, `type_question_id`, `category_id`, `creator_id`, `created_date`) VALUES (8, 'Recusandae sed veniam quaerat et recusandae eligendi quos nihil. Rerum accusantium et consectetur dolorem. Commodi in quaerat qui et odit et aut iure.', 8, 8, 8, '1978-04-07 15:29:03');
INSERT INTO `question` (`id`, `content`, `type_question_id`, `category_id`, `creator_id`, `created_date`) VALUES (9, 'Ducimus aut id quisquam nihil tempora ducimus voluptates magnam. Sunt repellendus quis quia aut illo nobis est. Sunt deleniti quia assumenda et quia dolorem molestias consequatur.', 9, 9, 9, '2015-01-04 06:40:03');
INSERT INTO `question` (`id`, `content`, `type_question_id`, `category_id`, `creator_id`, `created_date`) VALUES (10, 'Nulla recusandae nulla est assumenda mollitia aut aut. Tempora qui itaque reiciendis corporis voluptas. Rerum et dolore qui libero facilis natus dolores. Et id nihil non sequi est.', 10, 10, 10, '1978-08-10 16:30:41');
INSERT INTO `question` (`id`, `content`, `type_question_id`, `category_id`, `creator_id`, `created_date`) VALUES (11, 'Fuga nemo natus nostrum odio vitae hic. Vero repellat ad quia iure. In architecto qui voluptates blanditiis nihil sit.', 11, 11, 11, '1970-02-11 18:21:32');
INSERT INTO `question` (`id`, `content`, `type_question_id`, `category_id`, `creator_id`, `created_date`) VALUES (12, 'Vel voluptatem quae accusamus velit. Non ut ipsa aperiam non praesentium harum voluptatem. Animi quo unde commodi eos qui inventore explicabo tenetur.', 12, 12, 12, '1972-09-14 00:22:34');
INSERT INTO `question` (`id`, `content`, `type_question_id`, `category_id`, `creator_id`, `created_date`) VALUES (13, 'Esse quo veniam hic ut. Optio facere quo et recusandae rerum reiciendis et. Aut nesciunt perspiciatis ullam mollitia rerum.', 13, 13, 13, '1981-01-27 04:57:55');
INSERT INTO `question` (`id`, `content`, `type_question_id`, `category_id`, `creator_id`, `created_date`) VALUES (14, 'Mollitia id dolores nihil nostrum tenetur quia et. Molestiae quis quis quis odit eaque labore. Ut at eos impedit nobis.', 14, 14, 14, '2011-01-01 16:32:11');
INSERT INTO `question` (`id`, `content`, `type_question_id`, `category_id`, `creator_id`, `created_date`) VALUES (15, 'Provident ea minima debitis itaque soluta fugiat. Dolores nam rerum aut. Magni provident qui excepturi quibusdam laborum quia et in.', 15, 15, 15, '2014-10-22 23:30:17');
INSERT INTO `question` (`id`, `content`, `type_question_id`, `category_id`, `creator_id`, `created_date`) VALUES (16, 'Aperiam pariatur quia iusto nobis illum dolores. Deleniti non libero omnis iste. Dolores voluptatum omnis sunt dolores. Sed quia sit sunt quia illum architecto voluptatibus.', 16, 16, 16, '1993-08-31 19:26:33');
INSERT INTO `question` (`id`, `content`, `type_question_id`, `category_id`, `creator_id`, `created_date`) VALUES (17, 'Omnis laborum eius aut temporibus hic. Vero vel mollitia aut eum aut. Distinctio soluta voluptatem est voluptatem ipsum. Id occaecati alias ut sequi necessitatibus.', 17, 17, 17, '1993-01-10 05:54:04');
INSERT INTO `question` (`id`, `content`, `type_question_id`, `category_id`, `creator_id`, `created_date`) VALUES (18, 'Laudantium atque voluptatem enim adipisci maxime porro velit. Mollitia alias quidem tempore ab veniam porro. Aut voluptate autem qui perferendis assumenda odit sequi.', 18, 18, 18, '1972-08-10 04:07:25');
INSERT INTO `question` (`id`, `content`, `type_question_id`, `category_id`, `creator_id`, `created_date`) VALUES (19, 'Quisquam minus eos et cum. Cum facere nesciunt doloribus repellendus ipsum. Est perspiciatis in rem adipisci.', 19, 19, 19, '2011-11-10 21:40:23');
INSERT INTO `question` (`id`, `content`, `type_question_id`, `category_id`, `creator_id`, `created_date`) VALUES (20, 'Sequi in fuga vel a quia dolor. Et voluptate sit quis necessitatibus. Nihil suscipit iure aspernatur.', 20, 20, 20, '1983-08-13 04:01:12');
INSERT INTO `question` (`id`, `content`, `type_question_id`, `category_id`, `creator_id`, `created_date`) VALUES (21, 'Consectetur deserunt et sit assumenda libero quasi explicabo. Harum omnis voluptas magni autem. Dolores et quam sint vero dolores.', 21, 21, 21, '1999-08-25 22:40:31');
INSERT INTO `question` (`id`, `content`, `type_question_id`, `category_id`, `creator_id`, `created_date`) VALUES (22, 'Corrupti nemo id qui. Eos ut officia maiores minus qui aut. Vitae aut aperiam quibusdam at dolores est.', 22, 22, 22, '1984-11-17 07:13:50');
INSERT INTO `question` (`id`, `content`, `type_question_id`, `category_id`, `creator_id`, `created_date`) VALUES (23, 'Eveniet ut et quis laborum maiores ducimus facere. Corrupti adipisci corrupti tempore et. Cum tempore quia nesciunt repellendus omnis.', 23, 23, 23, '1984-03-14 09:15:43');
INSERT INTO `question` (`id`, `content`, `type_question_id`, `category_id`, `creator_id`, `created_date`) VALUES (24, 'Rem id eaque et in vel et. Excepturi minima incidunt quam. Tempora quaerat non facere iusto.\nFugiat aperiam eius non. Non eos perspiciatis qui natus voluptatum.', 24, 24, 24, '2021-05-22 11:23:07');
INSERT INTO `question` (`id`, `content`, `type_question_id`, `category_id`, `creator_id`, `created_date`) VALUES (25, 'Aut laborum ut aperiam impedit sunt officiis recusandae. Veniam cum soluta qui. Recusandae eos voluptatibus voluptatem alias pariatur rerum maxime. Doloribus quo labore at quaerat enim esse sit.', 25, 25, 25, '1981-04-23 19:05:07');
INSERT INTO `question` (`id`, `content`, `type_question_id`, `category_id`, `creator_id`, `created_date`) VALUES (26, 'Dolor illo excepturi occaecati voluptates autem. Quo facere voluptatem sunt magni et omnis. Atque consequatur vel eaque.', 26, 26, 26, '1993-12-05 06:58:31');
INSERT INTO `question` (`id`, `content`, `type_question_id`, `category_id`, `creator_id`, `created_date`) VALUES (27, 'Possimus qui reiciendis recusandae mollitia veniam ducimus dolor. Voluptatem ipsa est quia adipisci.', 27, 27, 27, '1998-02-05 05:37:18');
INSERT INTO `question` (`id`, `content`, `type_question_id`, `category_id`, `creator_id`, `created_date`) VALUES (28, 'Non nostrum omnis dolor corporis reprehenderit culpa perspiciatis. Fuga est veniam molestiae ipsa sint.\nNobis deleniti vel nam neque nihil ipsa. Voluptates distinctio eum debitis vero aut quod.', 28, 28, 28, '1994-11-10 12:04:11');
INSERT INTO `question` (`id`, `content`, `type_question_id`, `category_id`, `creator_id`, `created_date`) VALUES (29, 'Nihil velit velit dolorem est nam voluptatem. Qui molestiae quia nobis consequatur. Nemo qui deserunt reiciendis dolorem. Minus iure fugit error pariatur qui reprehenderit qui ut.', 29, 29, 29, '2017-04-26 14:46:02');
INSERT INTO `question` (`id`, `content`, `type_question_id`, `category_id`, `creator_id`, `created_date`) VALUES (30, 'Facilis possimus non sed ut vel vero. Ut ratione aliquam fuga blanditiis. Non vitae sed eos rem et minus quia. Ut dolores perspiciatis qui beatae molestiae expedita totam.', 30, 30, 30, '1993-09-07 22:30:47');


INSERT INTO `answer` (`id`, `content`, `question_id`, `is_correct`) VALUES (1, 'Est ut doloribus iste. A eligendi non quisquam ullam rerum omnis. Et ut consequuntur aperiam magni voluptas explicabo quis.', 1, 'YES');
INSERT INTO `answer` (`id`, `content`, `question_id`, `is_correct`) VALUES (2, 'Vitae nihil error tempore voluptas molestias. Rerum omnis ut est modi voluptas ea minima. Harum perferendis omnis qui id.', 2, 'YES');
INSERT INTO `answer` (`id`, `content`, `question_id`, `is_correct`) VALUES (3, 'Occaecati aut molestias qui et. Provident minima ab eum iusto voluptatem.', 3, 'NO');
INSERT INTO `answer` (`id`, `content`, `question_id`, `is_correct`) VALUES (4, 'Optio rem laborum ducimus numquam animi delectus magni. Eos reiciendis dolorum est sit voluptas tempora veritatis quaerat. Modi velit autem vero quas et rerum similique et. Sit libero et cum.', 4, 'YES');
INSERT INTO `answer` (`id`, `content`, `question_id`, `is_correct`) VALUES (5, 'Similique quia illum vel qui qui similique. Ipsa deleniti dolorum qui ullam laborum pariatur. Nam voluptatem voluptatem consequuntur sit et. Excepturi deserunt id dolore et quia consequuntur modi.', 5, 'YES');
INSERT INTO `answer` (`id`, `content`, `question_id`, `is_correct`) VALUES (6, 'Et dicta nihil et dolor. Neque voluptatibus sed hic cupiditate. Eius porro rem vitae ex tempora saepe hic.', 6, 'YES');
INSERT INTO `answer` (`id`, `content`, `question_id`, `is_correct`) VALUES (7, 'Possimus rem exercitationem doloribus dolorem eum. Iusto sint deleniti suscipit voluptate officia. Non rerum sit quae suscipit amet nobis et. Suscipit nemo quia quis veritatis corrupti.', 7, 'YES');
INSERT INTO `answer` (`id`, `content`, `question_id`, `is_correct`) VALUES (8, 'Dolore qui rerum deserunt dolorem voluptatum ipsum. Aperiam deserunt pariatur sint. Recusandae occaecati voluptatibus quod. Qui impedit a sed eligendi.', 8, 'NO');
INSERT INTO `answer` (`id`, `content`, `question_id`, `is_correct`) VALUES (9, 'Modi quas non et saepe error unde autem. Est earum pariatur quam. Qui animi dolores aut omnis odit consequatur.', 9, 'YES');
INSERT INTO `answer` (`id`, `content`, `question_id`, `is_correct`) VALUES (10, 'Pariatur asperiores doloremque et beatae dolore et a magnam. Corporis iusto aperiam dolorem nihil qui cum. Quis omnis eveniet vero quis illum maxime possimus.', 10, 'NO');
INSERT INTO `answer` (`id`, `content`, `question_id`, `is_correct`) VALUES (11, 'Sit modi cumque perspiciatis consequatur adipisci at. Quia corrupti voluptatem molestiae nesciunt quos. Sint expedita molestiae error eius ducimus minus deserunt et.', 11, 'NO');
INSERT INTO `answer` (`id`, `content`, `question_id`, `is_correct`) VALUES (12, 'Ut qui ut totam dolor qui omnis. Tenetur rerum similique impedit aut at voluptatem. Iusto nihil et laborum et velit corporis. Similique ut laborum esse voluptas.', 12, 'YES');
INSERT INTO `answer` (`id`, `content`, `question_id`, `is_correct`) VALUES (13, 'Laudantium libero quam aut autem nihil. Aut assumenda non consequuntur unde incidunt nihil. Quae eos alias id qui.', 13, 'NO');
INSERT INTO `answer` (`id`, `content`, `question_id`, `is_correct`) VALUES (14, 'Qui minima excepturi voluptas velit odio in. Sunt voluptatem sequi quasi veniam. Et nobis dolore natus voluptatibus ratione omnis quidem.', 14, 'NO');
INSERT INTO `answer` (`id`, `content`, `question_id`, `is_correct`) VALUES (15, 'Dicta saepe ipsam expedita magni. Repudiandae quia qui expedita sint mollitia reprehenderit possimus. Asperiores impedit quo ex molestiae rerum perferendis.', 15, 'YES');
INSERT INTO `answer` (`id`, `content`, `question_id`, `is_correct`) VALUES (16, 'Non facilis et ullam consequatur. Dolor exercitationem natus ullam sequi.', 16, 'NO');
INSERT INTO `answer` (`id`, `content`, `question_id`, `is_correct`) VALUES (17, 'Aut sit qui voluptatem non maiores pariatur. Dolorem ipsa delectus voluptates ut culpa voluptatem. Vitae tenetur odit molestias doloribus optio ea tempore corrupti.', 17, 'YES');
INSERT INTO `answer` (`id`, `content`, `question_id`, `is_correct`) VALUES (18, 'Doloremque quia eum recusandae libero. Quos officiis expedita sed saepe. Autem rerum tempore enim ullam. Est eaque quas impedit in tenetur iste aliquam.', 18, 'YES');
INSERT INTO `answer` (`id`, `content`, `question_id`, `is_correct`) VALUES (19, 'Saepe sed corrupti ullam qui hic. Qui et quo quasi in quas sint velit.', 19, 'NO');
INSERT INTO `answer` (`id`, `content`, `question_id`, `is_correct`) VALUES (20, 'Alias cumque occaecati porro vero. Dolores soluta voluptates sequi dolorem. Adipisci quasi id veritatis in est eligendi minus.', 20, 'NO');
INSERT INTO `answer` (`id`, `content`, `question_id`, `is_correct`) VALUES (21, 'Dignissimos eius ullam earum reprehenderit. Aut vel dolores ut quia ut quia dolorem accusantium. Assumenda dolor cupiditate magnam tenetur. Error earum quas sunt sed ea.', 21, 'NO');
INSERT INTO `answer` (`id`, `content`, `question_id`, `is_correct`) VALUES (22, 'Voluptas minus doloribus quo harum distinctio ullam voluptate. Eaque itaque ea sint possimus dolor.', 22, 'NO');
INSERT INTO `answer` (`id`, `content`, `question_id`, `is_correct`) VALUES (23, 'Voluptatem et rem eligendi est non recusandae. Eaque esse doloribus voluptas. Ea eos excepturi voluptas aperiam quis dolorem. Provident minima tempore illo ut dolorum eum.', 23, 'YES');
INSERT INTO `answer` (`id`, `content`, `question_id`, `is_correct`) VALUES (24, 'Aliquam earum in illo perferendis autem voluptas quidem. A tenetur omnis beatae vero eaque molestiae culpa.', 24, 'YES');
INSERT INTO `answer` (`id`, `content`, `question_id`, `is_correct`) VALUES (25, 'Molestiae quisquam earum vel quisquam. Quam accusamus et ea ut soluta quia debitis officia. Voluptatibus et pariatur accusamus occaecati sit ducimus.', 25, 'YES');
INSERT INTO `answer` (`id`, `content`, `question_id`, `is_correct`) VALUES (26, 'Ex voluptatem non voluptatum quis. Occaecati quod similique libero eius ut quasi animi. Eos cumque numquam voluptatibus.', 26, 'NO');
INSERT INTO `answer` (`id`, `content`, `question_id`, `is_correct`) VALUES (27, 'Quaerat ad similique deleniti. Id quo assumenda est ea ad deserunt autem.', 27, 'NO');
INSERT INTO `answer` (`id`, `content`, `question_id`, `is_correct`) VALUES (28, 'Cum dolores est dolor laborum. Fugiat cumque dolorum nam voluptas nisi in. Enim nulla labore magnam quis error.', 28, 'YES');
INSERT INTO `answer` (`id`, `content`, `question_id`, `is_correct`) VALUES (29, 'Et est voluptatum eum quo laudantium est ut. Eligendi facilis dolorem veniam in aperiam ut est. Sit molestiae id molestias quas.', 29, 'NO');
INSERT INTO `answer` (`id`, `content`, `question_id`, `is_correct`) VALUES (30, 'Maxime ut suscipit ratione consequatur. Eligendi recusandae quia optio non officia. Repellendus aut mollitia voluptas praesentium quam.', 30, 'YES');

INSERT INTO `exam` (`id`, `code`, `title`, `category_id`, `duration`, `creator_id`, `created_date`) VALUES (31, 0, 'Et recusandae qui doloremque voluptatem hic.', 1, NULL, 1, '2012-07-17 02:20:15');


INSERT INTO `exam_question` (`exam_id`, `question_id`) VALUES (31, 1);
INSERT INTO `exam_question` (`exam_id`, `question_id`) VALUES (31, 2);
INSERT INTO `exam_question` (`exam_id`, `question_id`) VALUES (31, 3);
INSERT INTO `exam_question` (`exam_id`, `question_id`) VALUES (31, 4);
INSERT INTO `exam_question` (`exam_id`, `question_id`) VALUES (31, 5);
INSERT INTO `exam_question` (`exam_id`, `question_id`) VALUES (31, 6);
INSERT INTO `exam_question` (`exam_id`, `question_id`) VALUES (31, 7);
INSERT INTO `exam_question` (`exam_id`, `question_id`) VALUES (31, 8);
INSERT INTO `exam_question` (`exam_id`, `question_id`) VALUES (31, 9);
INSERT INTO `exam_question` (`exam_id`, `question_id`) VALUES (31, 10);
INSERT INTO `exam_question` (`exam_id`, `question_id`) VALUES (31, 11);
INSERT INTO `exam_question` (`exam_id`, `question_id`) VALUES (31, 12);
INSERT INTO `exam_question` (`exam_id`, `question_id`) VALUES (31, 13);
INSERT INTO `exam_question` (`exam_id`, `question_id`) VALUES (31, 14);
INSERT INTO `exam_question` (`exam_id`, `question_id`) VALUES (31, 15);
INSERT INTO `exam_question` (`exam_id`, `question_id`) VALUES (31, 16);
INSERT INTO `exam_question` (`exam_id`, `question_id`) VALUES (31, 17);
INSERT INTO `exam_question` (`exam_id`, `question_id`) VALUES (31, 18);
INSERT INTO `exam_question` (`exam_id`, `question_id`) VALUES (31, 19);
INSERT INTO `exam_question` (`exam_id`, `question_id`) VALUES (31, 20);
INSERT INTO `exam_question` (`exam_id`, `question_id`) VALUES (31, 21);
INSERT INTO `exam_question` (`exam_id`, `question_id`) VALUES (31, 22);
INSERT INTO `exam_question` (`exam_id`, `question_id`) VALUES (31, 23);
INSERT INTO `exam_question` (`exam_id`, `question_id`) VALUES (31, 24);
INSERT INTO `exam_question` (`exam_id`, `question_id`) VALUES (31, 25);
INSERT INTO `exam_question` (`exam_id`, `question_id`) VALUES (31, 26);
INSERT INTO `exam_question` (`exam_id`, `question_id`) VALUES (31, 27);
INSERT INTO `exam_question` (`exam_id`, `question_id`) VALUES (31, 28);
INSERT INTO `exam_question` (`exam_id`, `question_id`) VALUES (31, 29);
INSERT INTO `exam_question` (`exam_id`, `question_id`) VALUES (31, 30);

