-- insert data
INSERT INTO `car`	(`id`, `maker`, `model`, `rear`, `color`, `note`) 
VALUES 				(1, 'TOYOTA', 'TA', '2016-10-03', 'Black', null);
INSERT INTO `car`	(`id`, `maker`, `model`, `rear`, `color`, `note`) 
VALUES 				(2, 'HONDA', 'HB', '2019-11-03', 'Red', null);
INSERT INTO `car` 	(`id`, `maker`, `model`, `rear`, `color`, `note`) 
VALUES 				(3, 'HONDA', 'HA', '2016-9-03', 'Black', null);
INSERT INTO `car` 	(`id`, `maker`, `model`, `rear`, `color`, `note`) 
VALUES 				(4, 'NISSAN', 'NA', '2020-10-03', 'Black', null);
INSERT INTO `car` 	(`id`, `maker`, `model`, `rear`, `color`, `note`) 
VALUES 				(5, 'TOYOTA', 'TB', '2023-10-03', 'Black', null);

INSERT INTO `customer` (`id`, `name`, `phone`, `email`, `address`, `note`) VALUES (1, 'corrupti', '934.656.5892x98689', 'cindy00@example.com', '2412 Eulah Springs\nRoobhaven, AL 83174-8863', 'Quaerat molestiae omnis necessitatibus in. Eos ipsa sint necessitatibus. Non sit nobis vel quo ducimus et. Sit et cumque reprehenderit nihil. Delectus doloremque ut voluptatem tenetur natus omnis explicabo.');
INSERT INTO `customer` (`id`, `name`, `phone`, `email`, `address`, `note`) VALUES (2, 'dolores', '(845)256-1924', 'hodkiewicz.zita@example.com', '75211 Javonte Drives\nWest Salvadorton, KS 30185-3618', 'Odio et dolor nemo numquam. Iure neque sit accusantium. Voluptas consequatur atque quidem tempora dicta fugit. Dolorem quia aut ab omnis voluptas.');
INSERT INTO `customer` (`id`, `name`, `phone`, `email`, `address`, `note`) VALUES (3, 'aut', '(632)876-2239', 'kristoffer.barton@example.net', '133 Rebeka Fords\nMaudville, NJ 72268', 'Ea perspiciatis in maiores eveniet itaque ea natus velit. Rerum nam totam ut rerum ut quaerat. Deleniti voluptatum eos cupiditate quo et vitae. Odio quos tempore dignissimos.');
INSERT INTO `customer` (`id`, `name`, `phone`, `email`, `address`, `note`) VALUES (4, 'qui', '1-881-539-1046', 'orn.antonia@example.com', '986 Hosea Fields\nNew Trudiefurt, IN 81801-8401', 'Cumque perferendis aut maxime minus veniam laudantium. Laborum incidunt nihil expedita expedita distinctio. Voluptatem omnis est dignissimos repudiandae.');
INSERT INTO `customer` (`id`, `name`, `phone`, `email`, `address`, `note`) VALUES (5, 'recusandae', '910-302-8260x081', 'bechtelar.bernhard@example.org', '843 Moen Manors\nNorth Tamara, ND 39052', 'Voluptatem ut quae ratione id. Cum sed est et et ea. Minima eveniet ab recusandae modi doloremque dolor hic quo. Ut necessitatibus cumque officiis asperiores amet quod quibusdam commodi.');

INSERT INTO `car_order` (`id`, `customer_id`, `car_id`, `amount`, `sale_price`, `order_date`, `delivery_date`, `delivery_address`, `staus`, `note`) VALUES (1, 1, 1, 37, 710, '2022-06-16 13:14:17', '2022-11-13 05:18:20', 'Rem in fugit voluptatum qui nulla sed. Qui voluptatum commodi quo occaecati aut explicabo iusto. Ipsa odit tempora possimus ex et fuga dolor. Autem esse quia fugit facere in aut.', '0', 'Ut distinctio est unde fugiat voluptas. Corrupti earum quam eius ipsum quis consequuntur dolores animi. Repellat incidunt aut maiores reprehenderit iure voluptatum amet. Est occaecati ut ducimus sit.');
INSERT INTO `car_order` (`id`, `customer_id`, `car_id`, `amount`, `sale_price`, `order_date`, `delivery_date`, `delivery_address`, `staus`, `note`) VALUES (2, 2, 2, 56, 72797, '1975-12-24 23:17:45', '1976-09-11 18:38:01', 'Quos dolorem laudantium et. Eius aliquam exercitationem enim laudantium. Et earum enim quam non.', '0', 'In voluptas maxime qui quo alias ratione harum. Repellendus fugit ad soluta et aut sit non omnis. Sit qui exercitationem harum quis maiores non similique. Doloremque fugit aut deserunt dolor quisquam ut.');
INSERT INTO `car_order` (`id`, `customer_id`, `car_id`, `amount`, `sale_price`, `order_date`, `delivery_date`, `delivery_address`, `staus`, `note`) VALUES (3, 3, 3, 1, 3988, '2002-11-05 00:56:15', '2005-08-25 18:15:33', 'Ea accusamus vel delectus qui. Exercitationem dolorem vero sed suscipit non officia quas odio. Culpa numquam sed veniam facilis. Ipsum quas similique magnam explicabo cumque maiores.', '0', 'Praesentium porro tempore quis doloribus omnis mollitia. Consequatur ea ut veritatis fuga dicta iste. Cumque dignissimos quia et culpa aspernatur assumenda quos.');
INSERT INTO `car_order` (`id`, `customer_id`, `car_id`, `amount`, `sale_price`, `order_date`, `delivery_date`, `delivery_address`, `staus`, `note`) VALUES (4, 4, 4, 393621, 0, '2017-10-13 22:31:16', '1971-01-03 14:27:26', 'Consectetur et praesentium omnis sequi. Ad nesciunt enim ea facilis vitae vel. Natus velit numquam doloremque magni.', '0', 'Tenetur explicabo provident est omnis voluptatem vel qui et. Pariatur non et sint aut et veritatis animi nemo. Vel cumque ratione cum enim. Odio occaecati ratione voluptas tempora rerum quia magnam.');
INSERT INTO `car_order` (`id`, `customer_id`, `car_id`, `amount`, `sale_price`, `order_date`, `delivery_date`, `delivery_address`, `staus`, `note`) VALUES (5, 5, 5, 3981411, 58327, '1975-02-12 11:00:00', '1989-09-05 00:01:32', 'Suscipit est quaerat qui qui quia. Nam est quasi odit minima. Quos quae dignissimos voluptatem dignissimos quae. Maxime consequuntur et sunt est vel.', '0', 'Doloremque aperiam accusamus nulla earum ea sed. Mollitia nihil reprehenderit tempora pariatur odit repellat quis. Reprehenderit est voluptatem deleniti nihil nostrum aut. Quam ducimus laboriosam blanditiis id.');
